,INDICATOR_CODE,INDICATOR_NAME,SOURCE_NOTE,SOURCE_ORGANIZATION
0,SL.WAG.0714.ZS,"Niños que trabajan, trabajadores con salario (% de niños y niñas que trabajan, de 7 a 14 años)",Wage workers (also known as employees) are people who hold explicit (written or oral) or implicit employment contracts that provide basic remuneration that does not depend directly on the revenue of the unit for which they work.,"Proyecto Understanding Children's Work, a partir de los datos de la OIT, Unicef y el Banco Mundial."
1,SL.WAG.0714.MA.ZS,"Niños que trabajan, trabajadores con salario, varones (% de niños que trabajan, de 7 a 14 años)",Wage workers (also known as employees) are people who hold explicit (written or oral) or implicit employment contracts that provide basic remuneration that does not depend directly on the revenue of the unit for which they work.,"Proyecto Understanding Children's Work, a partir de los datos de la OIT, Unicef y el Banco Mundial."
2,SL.WAG.0714.FE.ZS,"Niños que trabajan, trabajadores con salario, mujeres (% de niñas que trabajan, de 7 a 14 años)",Wage workers (also known as employees) are people who hold explicit (written or oral) or implicit employment contracts that provide basic remuneration that does not depend directly on the revenue of the unit for which they work.,"Proyecto Understanding Children's Work, a partir de los datos de la OIT, Unicef y el Banco Mundial."
3,SL.UEM.TOTL.ZS,"Desempleo, total (% de la población activa total) (estimación modelado OIT) ",El desempleo es la proporción de la población activa que no tiene trabajo pero que busca trabajo y está disponible para realizarlo. Las definiciones de población activa y desempleo difieren según el país,"Organización Internacional del Trabajo, base de datos sobre estadísticas de la OIT (ILOSTAT)."
4,SL.UEM.TOTL.NE.ZS,"Desempleo, total (% de participación total en la fuerza laboral) (estimación nacional)",Unemployment refers to the share of the labor force that is without work but available for and seeking employment. Definitions of labor force and unemployment differ by country.,"Organización Internacional del Trabajo, base de datos de los Indicadores Clave del Mercado de Trabajo."
5,SL.UEM.TOTL.MA.ZS,"Desempleo, varones (% de la población activa masculina) (estimación modelado OIT) ",El desempleo es la proporción de la población activa que no tiene trabajo pero que busca trabajo y está disponible para realizarlo. Las definiciones de población activa y desempleo difieren según el país,"Organización Internacional del Trabajo, base de datos sobre estadísticas de la OIT (ILOSTAT)."
6,SL.UEM.TOTL.MA.NE.ZS,"Desempleo, varones (% de participación masculina en la fuerza laboral) (estimación nacional)",Unemployment refers to the share of the labor force that is without work but available for and seeking employment. Definitions of labor force and unemployment differ by country.,"Organización Internacional del Trabajo, base de datos de los Indicadores Clave del Mercado de Trabajo."
7,SL.UEM.TOTL.FE.ZS,"Desempleo, mujeres (% de la población activa femenina) (estimación modelado OIT) ",El desempleo es la proporción de la población activa que no tiene trabajo pero que busca trabajo y está disponible para realizarlo. Las definiciones de población activa y desempleo difieren según el país,"Organización Internacional del Trabajo, base de datos sobre estadísticas de la OIT (ILOSTAT)."
8,SL.UEM.TOTL.FE.NE.ZS,"Desempleo, mujeres (% de participación femenina en la fuerza laboral) (estimación nacional)",Unemployment refers to the share of the labor force that is without work but available for and seeking employment. Definitions of labor force and unemployment differ by country.,"Organización Internacional del Trabajo, base de datos de los Indicadores Clave del Mercado de Trabajo."
9,SL.UEM.NEET.ZS,"Proporción de jóvenes sin educación, empleo ni capacitación, total (% de la población total de jóvenes)","Share of youth not in education, employment or training (NEET) is the proportion of young people who are not in education, employment, or training to the population of the corresponding age group: youth (ages 15 to 24); persons ages 15 to 29; or both age groups.","Organización Internacional del Trabajo, base de datos de los Indicadores Clave del Mercado de Trabajo."
10,SL.UEM.NEET.MA.ZS,"Proporción de jóvenes sin educación, empleo ni capacitación, varones (% de la población de varones jóvenes)","Share of youth not in education, employment or training (NEET) is the proportion of young people who are not in education, employment, or training to the population of the corresponding age group: youth (ages 15 to 24); persons ages 15 to 29; or both age groups.","Organización Internacional del Trabajo, base de datos de los Indicadores Clave del Mercado de Trabajo."
11,SL.UEM.NEET.FE.ZS,"Proporción de jóvenes sin educación, empleo ni capacitación, mujeres (% de la población de mujeres jóvenes)","Share of youth not in education, employment or training (NEET) is the proportion of young people who are not in education, employment, or training to the population of the corresponding age group: youth (ages 15 to 24); persons ages 15 to 29; or both age groups.","Organización Internacional del Trabajo, base de datos de los Indicadores Clave del Mercado de Trabajo."
12,SL.UEM.INTM.ZS,Personas desempleadas con educación intermedia (% del desempleo total),The percentage of the labor force with an intermediate level of education who are unemployed. Intermediate education comprises upper secondary or post-secondary non tertiary education according to the International Standard Classification of Education 2011 (ISCED 2011).,"Organización Internacional del Trabajo, base de datos sobre estadísticas de la OIT (ILOSTAT)."
13,SL.UEM.INTM.MA.ZS,"Personas desempleadas con educación intermedia, varones",The percentage of the labor force with an intermediate level of education who are unemployed. Intermediate education comprises upper secondary or post-secondary non tertiary education according to the International Standard Classification of Education 2011 (ISCED 2011).,"Organización Internacional del Trabajo, base de datos sobre estadísticas de la OIT (ILOSTAT)."
14,SL.UEM.INTM.FE.ZS,"Personas desempleadas con educación intermedia, mujeres",The percentage of the labor force with an intermediate level of education who are unemployed. Intermediate education comprises upper secondary or post-secondary non tertiary education according to the International Standard Classification of Education 2011 (ISCED 2011).,"Organización Internacional del Trabajo, base de datos sobre estadísticas de la OIT (ILOSTAT)."
15,SL.UEM.BASC.ZS,Personas desempleadas con educación básica (% del desempleo total),The percentage of the labor force with a basic level of education who are unemployed. Basic education comprises primary education or lower secondary education according to the International Standard Classification of Education 2011 (ISCED 2011).,"Organización Internacional del Trabajo, base de datos sobre estadísticas de la OIT (ILOSTAT)."
16,SL.UEM.BASC.MA.ZS,"Personas desempleadas con educación básica, varones",The percentage of the labor force with a basic level of education who are unemployed. Basic education comprises primary education or lower secondary education according to the International Standard Classification of Education 2011 (ISCED 2011).,"Organización Internacional del Trabajo, base de datos sobre estadísticas de la OIT (ILOSTAT)."
17,SL.UEM.BASC.FE.ZS,"Personas desempleadas con educación básica, mujeres",The percentage of the labor force with a basic level of education who are unemployed. Basic education comprises primary education or lower secondary education according to the International Standard Classification of Education 2011 (ISCED 2011).,"Organización Internacional del Trabajo, base de datos sobre estadísticas de la OIT (ILOSTAT)."
18,SL.UEM.ADVN.ZS,Personas desempleadas con educación avanzada (% del desempleo total),"The percentage of the labor force with an advanced level of education who are unemployed. Advanced education comprises short-cycle tertiary education, a bachelor’s degree or equivalent education level, a master’s degree or equivalent education level, or doctoral degree or equivalent education level according to the International Standard Classification of Education 2011 (ISCED 2011).","Organización Internacional del Trabajo, base de datos sobre estadísticas de la OIT (ILOSTAT)."
19,SL.UEM.ADVN.MA.ZS,"Personas desempleadas con educación avanzada, varones","The percentage of the labor force with an advanced level of education who are unemployed. Advanced education comprises short-cycle tertiary education, a bachelor’s degree or equivalent education level, a master’s degree or equivalent education level, or doctoral degree or equivalent education level according to the International Standard Classification of Education 2011 (ISCED 2011).","Organización Internacional del Trabajo, base de datos sobre estadísticas de la OIT (ILOSTAT)."
20,SL.UEM.ADVN.FE.ZS,"Personas desempleadas con educación avanzada, mujeres","The percentage of the labor force with an advanced level of education who are unemployed. Advanced education comprises short-cycle tertiary education, a bachelor’s degree or equivalent education level, a master’s degree or equivalent education level, or doctoral degree or equivalent education level according to the International Standard Classification of Education 2011 (ISCED 2011).","Organización Internacional del Trabajo, base de datos sobre estadísticas de la OIT (ILOSTAT)."
21,SL.UEM.1524.ZS,"Desempleo, total de jóvenes (% de la población activa total entre 15 y 24 años de edad) (estimación modelado OIT) ",El desempleo entre los jóvenes es la proporción de la población activa de entre 15 y 24 años que no tiene trabajo pero que busca trabajo y está disponible para realizarlo. Las definiciones de población activa y desempleo difieren según el país,"Organización Internacional del Trabajo, base de datos sobre estadísticas de la OIT (ILOSTAT)."
22,SL.UEM.1524.NE.ZS,"Desempleo, total de jóvenes (% del total de participación en la fuerza laboral de 15 a 24 años) (estimación nacional)",Youth unemployment refers to the share of the labor force ages 15-24 without work but available for and seeking employment. Definitions of labor force and unemployment differ by country.,"Organización Internacional del Trabajo, base de datos de los Indicadores Clave del Mercado de Trabajo."
23,SL.UEM.1524.MA.ZS,"Desempleo, varones jóvenes (% de la población activa masculina entre 15 y 24 años de edad) (estimación modelado OIT) ",El desempleo entre los jóvenes es la proporción de la población activa de entre 15 y 24 años que no tiene trabajo pero que busca trabajo y está disponible para realizarlo. Las definiciones de población activa y desempleo difieren según el país,"Organización Internacional del Trabajo, base de datos sobre estadísticas de la OIT (ILOSTAT)."
24,SL.UEM.1524.MA.NE.ZS,"Desempleo, varones jóvenes (% de participación en la fuerza laboral de varones de 15 a 24 años) (estimación nacional)",Youth unemployment refers to the share of the labor force ages 15-24 without work but available for and seeking employment. Definitions of labor force and unemployment differ by country.,"Organización Internacional del Trabajo, base de datos de los Indicadores Clave del Mercado de Trabajo."
25,SL.UEM.1524.FE.ZS,"Desempleo, mujeres jóvenes (% de la población activa femenina entre 15 y 24 años de edad) (estimación modelado OIT) ",El desempleo entre los jóvenes es la proporción de la población activa de entre 15 y 24 años que no tiene trabajo pero que busca trabajo y está disponible para realizarlo. Las definiciones de población activa y desempleo difieren según el país,"Organización Internacional del Trabajo, base de datos sobre estadísticas de la OIT (ILOSTAT)."
26,SL.UEM.1524.FE.NE.ZS,"Desempleo, mujeres jóvenes (% de participación en la fuerza laboral de mujeres de 15 a 24 años) (estimación nacional)",Youth unemployment refers to the share of the labor force ages 15-24 without work but available for and seeking employment. Definitions of labor force and unemployment differ by country.,"Organización Internacional del Trabajo, base de datos de los Indicadores Clave del Mercado de Trabajo."
27,SL.TLF.TOTL.IN,"Población activa, total","La población activa total comprende a personas de 15 años o más que satisfacen la definición de la Organización Internacional del Trabajo de población económicamente activa: todas las personas que aportan trabajo para la producción de bienes y servicios durante un período específico. Incluye tanto a las personas con empleo como a las personas desempleadas. Si bien las prácticas nacionales varían en el tratamiento de grupos como las fuerzas armadas o los trabajadores estacionales o a tiempo parcial, en general, la población activa incluye a las fuerzas armadas, a los desempleados, a los que buscan su primer trabajo, pero excluye a quienes se dedican al cuidado del hogar y a otros trabajadores y cuidadores no remunerados. ","Organización Internacional del Trabajo, base de datos de Indicadores principales sobre el mercado laboral."
28,SL.TLF.TOTL.FE.ZS,"Población activa, mujeres (% de la población activa total)",La población activa femenina como porcentaje del total muestra hasta qué punto las mujeres son parte activa de la población activa. La población activa comprende a personas de 15 años o más que satisfacen la definición de la Organización Internacional del Trabajo de población económicamente activa.,"Organización Internacional del Trabajo, base de datos de Indicadores principales sobre el mercado laboral."
29,SL.TLF.PART.ZS,"Empleo de tiempo parcial, total (% del total de empleo)",Empleo de tiempo parcial se refiere al empleo constante en el que el tiempo laboral es sustancialmente menor al normal. Las definiciones de empleo de tiempo parcial difieren según el país.,"Organización Internacional del Trabajo, base de datos de Indicadores principales sobre el mercado laboral."
30,SL.TLF.PART.MA.ZS,"Empleo de tiempo parcial, hombres (% del total de hombres empleados)",Empleo de tiempo parcial se refiere al empleo constante en el que el tiempo laboral es sustancialmente menor al normal. Las definiciones de empleo de tiempo parcial difieren según el país.,"Organización Internacional del Trabajo, base de datos de Indicadores principales sobre el mercado laboral."
31,SL.TLF.PART.FE.ZS,"Empleo de tiempo parcial, mujeres (% del total de mujeres empleadas)",Empleo de tiempo parcial se refiere al empleo constante en el que el tiempo laboral es sustancialmente menor al normal. Las definiciones de empleo de tiempo parcial difieren según el país.,"Organización Internacional del Trabajo, base de datos de Indicadores principales sobre el mercado laboral."
32,SL.TLF.INTM.ZS,Fuerza laboral con educación intermedia (% del total),The percentage of the working age population with an intermediate level of education who are in the labor force. Intermediate education comprises upper secondary or post-secondary non tertiary education according to the International Standard Classification of Education 2011 (ISCED 2011).,"Organización Internacional del Trabajo, base de datos sobre estadísticas de la OIT (ILOSTAT)."
33,SL.TLF.INTM.MA.ZS,"Fuerza laboral con educación intermedia, varones (% de la fuerza laboral masculina)",The percentage of the working age population with an intermediate level of education who are in the labor force. Intermediate education comprises upper secondary or post-secondary non tertiary education according to the International Standard Classification of Education 2011 (ISCED 2011).,"Organización Internacional del Trabajo, base de datos sobre estadísticas de la OIT (ILOSTAT)."
34,SL.TLF.INTM.FE.ZS,"Fuerza laboral con educación intermedia, mujeres (% de la fuerza laboral femenina)",The percentage of the working age population with an intermediate level of education who are in the labor force. Intermediate education comprises upper secondary or post-secondary non tertiary education according to the International Standard Classification of Education 2011 (ISCED 2011).,"Organización Internacional del Trabajo, base de datos sobre estadísticas de la OIT (ILOSTAT)."
35,SL.TLF.CACT.ZS,"Tasa de población activa, total (% de la población total mayor de 15 años) (estimación modelado OIT) ",La tasa de población activa es la proporción de la población de 15 años de edad o más económicamente activa: todas las personas que aportan trabajo para la producción de bienes y servicios durante un período específico.,"Organización Internacional del Trabajo, base de datos sobre estadísticas de la OIT (ILOSTAT)."
36,SL.TLF.CACT.NE.ZS,"Tasa de participación en la fuerza laboral, total (% de la población total mayor de 15 años) (estimación nacional)",Labor force participation rate is the proportion of the population ages 15 and older that is economically active: all people who supply labor for the production of goods and services during a specified period.,"Organización Internacional del Trabajo, base de datos de los Indicadores Clave del Mercado de Trabajo."
37,SL.TLF.CACT.MA.ZS,"Tasa de población activa, varones (% de la población masculina mayor de 15 años) (estimación modelado OIT) ",La tasa de población activa es la proporción de la población de 15 años de edad o más económicamente activa: todas las personas que aportan trabajo para la producción de bienes y servicios durante un período específico.,"Organización Internacional del Trabajo, base de datos sobre estadísticas de la OIT (ILOSTAT)."
38,SL.TLF.CACT.MA.NE.ZS,"Tasa de participación en la fuerza laboral, varones (% de la población masculina mayor de 15 años) (estimación nacional)",Labor force participation rate is the proportion of the population ages 15 and older that is economically active: all people who supply labor for the production of goods and services during a specified period.,"Organización Internacional del Trabajo, base de datos de los Indicadores Clave del Mercado de Trabajo."
39,SL.TLF.CACT.FM.ZS,Proporcin de tasas de participacin laboral femenina y masculina (%) (estimación modelado OIT) ,La tasa de población activa es la proporción de la población de 15 años de edad o más económicamente activa: todas las personas que aportan trabajo para la producción de bienes y servicios durante un período específico.,"Organización Internacional del Trabajo, base de datos sobre estadísticas de la OIT (ILOSTAT)."
40,SL.TLF.CACT.FM.NE.ZS,Proporción de participación en la fuerza laboral de mujeres y varones (%) (estimación nacional),Labor force participation rate is the proportion of the population ages 15 and older that is economically active: all people who supply labor for the production of goods and services during a specified period. Ratio of female to male labor force participation rate is calculated by dividing female labor force participation rate by male labor force participation rate and multiplying by 100.,"Organización Internacional del Trabajo, base de datos de los Indicadores Clave del Mercado de Trabajo."
41,SL.TLF.CACT.FE.ZS,"Tasa de población activa, mujeres (% de la población femenina mayor de 15 años) (estimación modelado OIT) ",La tasa de población activa es la proporción de la población de 15 años de edad o más económicamente activa: todas las personas que aportan trabajo para la producción de bienes y servicios durante un período específico.,"Organización Internacional del Trabajo, base de datos sobre estadísticas de la OIT (ILOSTAT)."
42,SL.TLF.CACT.FE.NE.ZS,"Tasa de participación en la fuerza laboral, mujeres (% de la población femenina mayor de 15 años) (estimación nacional)",Labor force participation rate is the proportion of the population ages 15 and older that is economically active: all people who supply labor for the production of goods and services during a specified period.,"Organización Internacional del Trabajo, base de datos de los Indicadores Clave del Mercado de Trabajo."
43,SL.TLF.BASC.ZS,Fuerza laboral con educación básica (% del total),The percentage of the working age population with a basic level of education who are in the labor force. Basic education comprises primary education or lower secondary education according to the International Standard Classification of Education 2011 (ISCED 2011).,"Organización Internacional del Trabajo, base de datos sobre estadísticas de la OIT (ILOSTAT)."
44,SL.TLF.BASC.MA.ZS,"Fuerza laboral con educación básica, varones (% de la fuerza laboral masculina)",The percentage of the working age population with a basic level of education who are in the labor force. Basic education comprises primary education or lower secondary education according to the International Standard Classification of Education 2011 (ISCED 2011).,"Organización Internacional del Trabajo, base de datos sobre estadísticas de la OIT (ILOSTAT)."
45,SL.TLF.BASC.FE.ZS,"Fuerza laboral con educación básica, mujeres (% de la fuerza laboral femenina)",The percentage of the working age population with a basic level of education who are in the labor force. Basic education comprises primary education or lower secondary education according to the International Standard Classification of Education 2011 (ISCED 2011).,"Organización Internacional del Trabajo, base de datos sobre estadísticas de la OIT (ILOSTAT)."
46,SL.TLF.ADVN.ZS,Fuerza laboral con educación avanzada (% del total),"The percentage of the working age population with an advanced level of education who are in the labor force. Advanced education comprises short-cycle tertiary education, a bachelor’s degree or equivalent education level, a master’s degree or equivalent education level, or doctoral degree or equivalent education level according to the International Standard Classification of Education 2011 (ISCED 2011).","Organización Internacional del Trabajo, base de datos sobre estadísticas de la OIT (ILOSTAT)."
47,SL.TLF.ADVN.MA.ZS,"Fuerza laboral con educación avanzada, varones (% de la fuerza laboral masculina)","The percentage of the working age population with an advanced level of education who are in the labor force. Advanced education comprises short-cycle tertiary education, a bachelor’s degree or equivalent education level, a master’s degree or equivalent education level, or doctoral degree or equivalent education level according to the International Standard Classification of Education 2011 (ISCED 2011).","Organización Internacional del Trabajo, base de datos sobre estadísticas de la OIT (ILOSTAT)."
48,SL.TLF.ADVN.FE.ZS,"Fuerza laboral con educación avanzada, mujeres (% de la fuerza laboral femenina)","The percentage of the working age population with an advanced level of education who are in the labor force. Advanced education comprises short-cycle tertiary education, a bachelor’s degree or equivalent education level, a master’s degree or equivalent education level, or doctoral degree or equivalent education level according to the International Standard Classification of Education 2011 (ISCED 2011).","Organización Internacional del Trabajo, base de datos sobre estadísticas de la OIT (ILOSTAT)."
49,SL.TLF.ACTI.ZS,"Tasa de participación en la fuerza laboral, total (% del total de la población entre 15-64 años) (estimación modelado OIT) ",La tasa de población activa es la proporción de la población de 15-64 años o más económicamente activa: todas las personas que aportan trabajo para la producción de bienes y servicios durante un período específico.,"Organización Internacional del Trabajo, base de datos de Indicadores principales sobre el mercado laboral."
50,SL.TLF.ACTI.MA.ZS,"Tasa de participación en la fuerza laboral, hombres (% de la población masculina entre 15-64 años) (estimación modelado OIT) ","Tasa de participación laboral, hombres (% de mujeres de 15 a 64 años)","Organización Internacional del Trabajo, Indicadores del mercado laboral"
51,SL.TLF.ACTI.FE.ZS,"Tasa de participación en la fuerza laboral, mujeres (% de la población femenina entre 15-64 años) (estimación modelado OIT) ","Tasa de participación laboral, mujeres (% de mujeres de 15 a 64 años)","Organización Internacional del Trabajo, Indicadores del mercado laboral"
52,SL.TLF.ACTI.1524.ZS,Tasa de participación en la fuerza laboral de personas entre 15 y 24 años, total (%) (estimación modelado OIT) ,"La tasa de participación en la fuerza laboral de personas entre 15 y 24 años es la proporción de individuos económicamente activos de ese grupo etario: es decir, todas las personas que aportan su trabajo para producir bienes y servicios durante un periodo determinado."
53,SL.TLF.ACTI.1524.NE.ZS,"Tasa de participación en la fuerza laboral, de 15 a 24 años, total (%) (estimación nacional)",Labor force participation rate for ages 15-24 is the proportion of the population ages 15-24 that is economically active: all people who supply labor for the production of goods and services during a specified period.,"Organización Internacional del Trabajo, base de datos de los Indicadores Clave del Mercado de Trabajo."
54,SL.TLF.ACTI.1524.MA.ZS,"Tasa de participación en la fuerza laboral, hombres (% de la población masculina entre 15-24 años) (estimación modelado OIT) ","Tasa de participación laboral, hombres (% de mujeres de 15 a 24 años)","Organización Internacional del Trabajo, base de datos sobre estadísticas de la OIT (ILOSTAT)."
55,SL.TLF.ACTI.1524.MA.NE.ZS,"Tasa de participación en la fuerza laboral, de 15 a 24 años, varones (%) (estimación nacional)",Labor force participation rate for ages 15-24 is the proportion of the population ages 15-24 that is economically active: all people who supply labor for the production of goods and services during a specified period.,"Organización Internacional del Trabajo, base de datos de los Indicadores Clave del Mercado de Trabajo."
56,SL.TLF.ACTI.1524.FE.ZS,"Tasa de participación en la fuerza laboral, mujeres (% de la población femenina entre 15-24 años) (estimación modelado OIT) ","Tasa de participación laboral, mujeres (% de mujeres de 15 a 24 años)","Organización Internacional del Trabajo, base de datos sobre estadísticas de la OIT (ILOSTAT)."
57,SL.TLF.ACTI.1524.FE.NE.ZS,"Tasa de participación en la fuerza laboral, de 15 a 24 años, mujeres (%) (estimación nacional)",Labor force participation rate for ages 15-24 is the proportion of the population ages 15-24 that is economically active: all people who supply labor for the production of goods and services during a specified period.,"Organización Internacional del Trabajo, base de datos de los Indicadores Clave del Mercado de Trabajo."
58,SL.TLF.0714.ZS,"Niños económicamente activos, total (% de niños entre 7 y 14 años de edad)",Los niños económicamente activos son los niños que participaron de actividades económicas durante al menos una hora en la semana de referencia del estudio.,"Entendiendo el Trabajo Infantil, proyecto basado en datos de la OIT, el UNICEF y el Banco Mundial."
59,SL.TLF.0714.WK.ZS,"Niños económicamente activos, que sólo trabajan (% para cada edad de niños entre los 7 y 14 años)",Los niños económicamente activos son los niños que participaron de actividades económicas durante al menos una hora en la semana de referencia del estudio. Los niños que solo trabajan son a los niños que desempeñan una actividad económica y no van a la escuela.,"Entendiendo el Trabajo Infantil, proyecto basado en datos de la OIT, el UNICEF y el Banco Mundial."
60,SL.TLF.0714.WK.TM,"Horas de trabajo promedio de niños, solo trabajo, de 7 a 14 años (horas por semana)",Average working hours of children working only refers to the average weekly working hours of those children who are involved in economic activity and not attending school.,"Proyecto Understanding Children's Work, a partir de los datos de la OIT, Unicef y el Banco Mundial."
61,SL.TLF.0714.WK.MA.ZS,"Niños económicamente activos, que sólo trabajan, varones (% para cada edad de niños entre los 7 y 14 años)",Los niños económicamente activos son los niños que participaron de actividades económicas durante al menos una hora en la semana de referencia del estudio. Los niños que solo trabajan son a los niños que desempeñan una actividad económica y no van a la escuela.,"Entendiendo el Trabajo Infantil, proyecto basado en datos de la OIT, el UNICEF y el Banco Mundial."
62,SL.TLF.0714.WK.MA.TM,"Horas de trabajo promedio de niños, solo trabajo, varones, de 7 a 14 años (horas por semana)",Average working hours of children working only refers to the average weekly working hours of those children who are involved in economic activity and not attending school.,"Proyecto Understanding Children's Work, a partir de los datos de la OIT, Unicef y el Banco Mundial."
63,SL.TLF.0714.WK.FE.ZS,"Niños económicamente activos, que sólo trabajan, mujeres (% para cada edad de niñas entre los 7 y 14 años)",Los niños económicamente activos son los niños que participaron de actividades económicas durante al menos una hora en la semana de referencia del estudio. Los niños que solo trabajan son a los niños que desempeñan una actividad económica y no van a la escuela.,"Entendiendo el Trabajo Infantil, proyecto basado en datos de la OIT, el UNICEF y el Banco Mundial."
64,SL.TLF.0714.WK.FE.TM,"Horas de trabajo promedio de niños, solo trabajo, mujeres, de 7 a 14 años (horas por semana)",Average working hours of children working only refers to the average weekly working hours of those children who are involved in economic activity and not attending school.,"Proyecto Understanding Children's Work, a partir de los datos de la OIT, Unicef y el Banco Mundial."
65,SL.TLF.0714.SW.ZS,"Niños económicamente activos, que estudian y trabajan (% para cada edad de niños entre los 7 y 14 años)",Los niños económicamente activos son los niños que participaron de actividades económicas durante al menos una hora en la semana de referencia del estudio. Los niños que estudian y trabajan son los niños que van a la escuela además de desempeñar una actividad económica.,"Entendiendo el Trabajo Infantil, proyecto basado en datos de la OIT, el UNICEF y el Banco Mundial."
66,SL.TLF.0714.SW.TM,"Horas de trabajo promedio de niños, estudio y trabajo, de 7 a 14 años (horas por semana)",Average working hours of children studying and working refer to the average weekly working hours of those children who are attending school in combination with economic activity.,"Proyecto Understanding Children's Work, a partir de los datos de la OIT, Unicef y el Banco Mundial."
67,SL.TLF.0714.SW.MA.ZS,"Niños económicamente activos, que estudian y trabajan, varones (% para cada edad de niños entre los 7 y 14 años)",Los niños económicamente activos son los niños que participaron de actividades económicas durante al menos una hora en la semana de referencia del estudio. Los niños que estudian y trabajan son los niños que van a la escuela además de desempeñar una actividad económica.,"Entendiendo el Trabajo Infantil, proyecto basado en datos de la OIT, el UNICEF y el Banco Mundial."
68,SL.TLF.0714.SW.MA.TM,"Horas de trabajo promedio de niños, estudio y trabajo, varones, de 7 a 14 años (horas por semana)",Average working hours of children studying and working refer to the average weekly working hours of those children who are attending school in combination with economic activity.,"Proyecto Understanding Children's Work, a partir de los datos de la OIT, Unicef y el Banco Mundial."
69,SL.TLF.0714.SW.FE.ZS,"Niños económicamente activos, que estudian y trabajan, mujeres (% para cada edad de niñas entre los 7 y 14 años)",Los niños económicamente activos son los niños que participaron de actividades económicas durante al menos una hora en la semana de referencia del estudio. Los niños que estudian y trabajan son los niños que van a la escuela además de desempeñar una actividad económica.,"Entendiendo el Trabajo Infantil, proyecto basado en datos de la OIT, el UNICEF y el Banco Mundial."
70,SL.TLF.0714.SW.FE.TM,"Horas de trabajo promedio de niños, estudio y trabajo, mujeres, de 7 a 14 años (horas por semana)",Average working hours of children studying and working refer to the average weekly working hours of those children who are attending school in combination with economic activity.,"Proyecto Understanding Children's Work, a partir de los datos de la OIT, Unicef y el Banco Mundial."
71,SL.TLF.0714.MA.ZS,"Niños económicamente activos, varones (% de niños entre los 7 y 14 años de edad)",Los niños económicamente activos son los niños que participaron de actividades económicas durante al menos una hora en la semana de referencia del estudio.,"Entendiendo el Trabajo Infantil, proyecto basado en datos de la OIT, el UNICEF y el Banco Mundial."
72,SL.TLF.0714.FE.ZS,"Niños económicamente activos, mujeres (% de niñas entre los 7 y 14 años de edad)",Los niños económicamente activos son los niños que participaron de actividades económicas durante al menos una hora en la semana de referencia del estudio.,"Entendiendo el Trabajo Infantil, proyecto basado en datos de la OIT, el UNICEF y el Banco Mundial."
73,SL.SRV.EMPL.ZS,Empleos en servicios (% del total de empleos),"Employment is defined as persons of working age who were engaged in any activity to produce goods or provide services for pay or profit, whether at work during the reference period or not at work due to temporary absence from a job, or to working-time arrangement. The agriculture sector consists of activities in agriculture, hunting, forestry and fishing, in accordance with division 1 (ISIC 2) or categories A-B (ISIC 3) or category A (ISIC 4).","Organización Internacional del Trabajo, base de datos de los Indicadores Clave del Mercado de Trabajo."
74,SL.SRV.EMPL.MA.ZS,"Empleados de servicios, varones (% de empleo masculino)","Employment is defined as persons of working age who were engaged in any activity to produce goods or provide services for pay or profit, whether at work during the reference period or not at work due to temporary absence from a job, or to working-time arrangement. The agriculture sector consists of activities in agriculture, hunting, forestry and fishing, in accordance with division 1 (ISIC 2) or categories A-B (ISIC 3) or category A (ISIC 4).","Organización Internacional del Trabajo, base de datos de los Indicadores Clave del Mercado de Trabajo."
75,SL.SRV.EMPL.FE.ZS,"Empleados de servicios, mujeres (% del empleo femenino)","Employment is defined as persons of working age who were engaged in any activity to produce goods or provide services for pay or profit, whether at work during the reference period or not at work due to temporary absence from a job, or to working-time arrangement. The agriculture sector consists of activities in agriculture, hunting, forestry and fishing, in accordance with division 1 (ISIC 2) or categories A-B (ISIC 3) or category A (ISIC 4).","Organización Internacional del Trabajo, base de datos de los Indicadores Clave del Mercado de Trabajo."
76,SL.SRV.0714.ZS,Empleo infantil en servicios (% para cada edad de niños entre 7 y 14 años),"El empleo por actividad económica se refiere a la distribución de niños económicamente activos entre las principales categorías industriales (CIIU, Revisión 2 o Revisión 3). Los servicios corresponden a las divisiones 6-9 (CIIU, Revisión 2) o a las categorías G-P (CIIU, Revisión 3), e incluyen el comercio al por mayor y al por menor, hoteles y restaurantes, transporte, intermediación financiera, actividades inmobiliarias, administración pública, educación, salud y trabajo social, otros servicios comunitarios y actividades privadas de los hogares. Los niños económicamente activos son los niños que participaron de actividades económicas durante al menos una hora en la semana de referencia del estudio.","Entendiendo el Trabajo Infantil, proyecto basado en datos de la OIT, el UNICEF y el Banco Mundial."
77,SL.SRV.0714.MA.ZS,"Empleo infantil en servicios, varones (% para cada edad de niños entre 7 y 14 años)","El empleo por actividad económica se refiere a la distribución de niños económicamente activos entre las principales categorías industriales (CIIU, Revisión 2 o Revisión 3). Los servicios corresponden a las divisiones 6-9 (CIIU, Revisión 2) o a las categorías G-P (CIIU, Revisión 3), e incluyen el comercio al por mayor y al por menor, hoteles y restaurantes, transporte, intermediación financiera, actividades inmobiliarias, administración pública, educación, salud y trabajo social, otros servicios comunitarios y actividades privadas de los hogares. Los niños económicamente activos son los niños que participaron de actividades económicas durante al menos una hora en la semana de referencia del estudio.","Entendiendo el Trabajo Infantil, proyecto basado en datos de la OIT, el UNICEF y el Banco Mundial."
78,SL.SRV.0714.FE.ZS,"Empleo infantil en servicios, mujeres (% para cada edad de niñas entre 7 y 14 años)","El empleo por actividad económica se refiere a la distribución de niños económicamente activos entre las principales categorías industriales (CIIU, Revisión 2 o Revisión 3). Los servicios corresponden a las divisiones 6-9 (CIIU, Revisión 2) o a las categorías G-P (CIIU, Revisión 3), e incluyen el comercio al por mayor y al por menor, hoteles y restaurantes, transporte, intermediación financiera, actividades inmobiliarias, administración pública, educación, salud y trabajo social, otros servicios comunitarios y actividades privadas de los hogares. Los niños económicamente activos son los niños que participaron de actividades económicas durante al menos una hora en la semana de referencia del estudio.","Entendiendo el Trabajo Infantil, proyecto basado en datos de la OIT, el UNICEF y el Banco Mundial."
79,SL.SLF.0714.ZS,"Niños que trabajan, independientes (% de niños y niñas que trabajan, de 7 a 14 años)","Self-employed workers are people whose remuneration depends directly on the profits derived from the goods and services they produce, with or without other employees, and include employers, own-account workers, and members of producers cooperatives.","Proyecto Understanding Children's Work, a partir de los datos de la OIT, Unicef y el Banco Mundial."
80,SL.SLF.0714.MA.ZS,"Niños que trabajan, independientes, varones (% de niños que trabajan, de 7 a 14 años)","Self-employed workers are people whose remuneration depends directly on the profits derived from the goods and services they produce, with or without other employees, and include employers, own-account workers, and members of producers cooperatives.","Proyecto Understanding Children's Work, a partir de los datos de la OIT, Unicef y el Banco Mundial."
81,SL.SLF.0714.FE.ZS,"Niños que trabajan, independientes, mujeres (% de niñas que trabajan, de 7 a 14 años)","Self-employed workers are people whose remuneration depends directly on the profits derived from the goods and services they produce, with or without other employees, and include employers, own-account workers, and members of producers cooperatives.","Proyecto Understanding Children's Work, a partir de los datos de la OIT, Unicef y el Banco Mundial."
82,SL.MNF.0714.ZS,Empleo infantil en la industria (% para cada edad de niños entre 7 y 14 años),"El empleo por actividad económica se refiere a la distribución de niños económicamente activos entre las principales categorías industriales (CIIU, Revisión 2 o Revisión 3). Las industrias manufactureras corresponden a la división 3 (CIIU, Revisión 2) o a la categoría D (CIIU, Revisión 3). Los niños económicamente activos son los niños que participaron de actividades económicas durante al menos una hora en la semana de referencia del estudio.","Entendiendo el Trabajo Infantil, proyecto basado en datos de la OIT, el UNICEF y el Banco Mundial."
83,SL.MNF.0714.MA.ZS,"Empleo infantil en la industria, varones (% para cada edad de niños entre 7 y 14 años)","El empleo por actividad económica se refiere a la distribución de niños económicamente activos entre las principales categorías industriales (CIIU, Revisión 2 o Revisión 3). Las industrias manufactureras corresponden a la división 3 (CIIU, Revisión 2) o a la categoría D (CIIU, Revisión 3). Los niños económicamente activos son los niños que participaron de actividades económicas durante al menos una hora en la semana de referencia del estudio.","Entendiendo el Trabajo Infantil, proyecto basado en datos de la OIT, el UNICEF y el Banco Mundial."
84,SL.MNF.0714.FE.ZS,"Empleo infantil en la industria, mujeres (% para cada edad de niñas entre 7 y 14 años)","El empleo por actividad económica se refiere a la distribución de niños económicamente activos entre las principales categorías industriales (CIIU, Revisión 2 o Revisión 3). Las industrias manufactureras corresponden a la división 3 (CIIU, Revisión 2) o a la categoría D (CIIU, Revisión 3). Los niños económicamente activos son los niños que participaron de actividades económicas durante al menos una hora en la semana de referencia del estudio.","Entendiendo el Trabajo Infantil, proyecto basado en datos de la OIT, el UNICEF y el Banco Mundial."
85,SL.ISV.IFRM.ZS,Empleo informal (% del total del empleo no agrícola),"Employment in the informal economy as a percentage of total non-agricultural employment. It basically includes all jobs in unregistered and/or small-scale private unincorporated enterprises that produce goods or services meant for sale or barter. Self-employed street vendors, taxi drivers and home-base workers, regardless of size, are all considered enterprises. However, agricultural and related activities, households producing goods exclusively for their own use (e.g. subsistence farming, domestic housework, care work, and employment of paid domestic workers), and volunteer services rendered to the community are excluded.","Organización Internacional del Trabajo, base de datos de Indicadores principales sobre el mercado laboral."
86,SL.ISV.IFRM.MA.ZS,"Empleo informal, varones (% del total del empleo no agrícola)","Employment in the informal economy as a percentage of total non-agricultural employment. It basically includes all jobs in unregistered and/or small-scale private unincorporated enterprises that produce goods or services meant for sale or barter. Self-employed street vendors, taxi drivers and home-base workers, regardless of size, are all considered enterprises. However, agricultural and related activities, households producing goods exclusively for their own use (e.g. subsistence farming, domestic housework, care work, and employment of paid domestic workers), and volunteer services rendered to the community are excluded.","Organización Internacional del Trabajo, base de datos de Indicadores principales sobre el mercado laboral."
87,SL.ISV.IFRM.FE.ZS,"Empleo informal, mujeres (% del total del empleo no agrícola)","Employment in the informal economy as a percentage of total non-agricultural employment. It basically includes all jobs in unregistered and/or small-scale private unincorporated enterprises that produce goods or services meant for sale or barter. Self-employed street vendors, taxi drivers and home-base workers, regardless of size, are all considered enterprises. However, agricultural and related activities, households producing goods exclusively for their own use (e.g. subsistence farming, domestic housework, care work, and employment of paid domestic workers), and volunteer services rendered to the community are excluded.","International Labour Organization, Key Indicators of the Labour Market database."
88,SL.IND.EMPL.ZS,Empleos en la industria (% del total de empleos),"Employment is defined as persons of working age who were engaged in any activity to produce goods or provide services for pay or profit, whether at work during the reference period or not at work due to temporary absence from a job, or to working-time arrangement. The industry sector consists of mining and quarrying, manufacturing, construction, and public utilities (electricity, gas, and water), in accordance with divisions 2-5 (ISIC 2) or categories C-F (ISIC 3) or categories B-F (ISIC 4).","Organización Internacional del Trabajo, base de datos de los Indicadores Clave del Mercado de Trabajo."
89,SL.IND.EMPL.MA.ZS,"Empleados en la industria, varones (% del empleo masculino)","Employment is defined as persons of working age who were engaged in any activity to produce goods or provide services for pay or profit, whether at work during the reference period or not at work due to temporary absence from a job, or to working-time arrangement. The industry sector consists of mining and quarrying, manufacturing, construction, and public utilities (electricity, gas, and water), in accordance with divisions 2-5 (ISIC 2) or categories C-F (ISIC 3) or categories B-F (ISIC 4).","Organización Internacional del Trabajo, base de datos de los Indicadores Clave del Mercado de Trabajo."
90,SL.IND.EMPL.FE.ZS,"Empleados en la industria, mujeres (% del empleo femenino)","Employment is defined as persons of working age who were engaged in any activity to produce goods or provide services for pay or profit, whether at work during the reference period or not at work due to temporary absence from a job, or to working-time arrangement. The industry sector consists of mining and quarrying, manufacturing, construction, and public utilities (electricity, gas, and water), in accordance with divisions 2-5 (ISIC 2) or categories C-F (ISIC 3) or categories B-F (ISIC 4).","Organización Internacional del Trabajo, base de datos de los Indicadores Clave del Mercado de Trabajo."
91,SL.GDP.PCAP.EM.KD,PIB por cada persona empleada (a $ de PPA constantes de 2011),El PIB por persona empleada es el producto interno bruto (PIB) dividido por el empleo total en la economía. El PIB a valores de paridad del poder adquisitivo (PPA) es el PIB convertido a dólares internacionales constantes de 1990 utilizando los índices de PPA. Un dólar internacional posee el mismo poder adquisitivo respecto del PIB que un dólar de los Estados Unidos en los Estados Unidos.,"Organización Internacional del Trabajo, base de datos sobre estadísticas de la OIT (ILOSTAT)."
92,SL.FAM.WORK.ZS,"Trabajadores familiares que contribuyen, total (% del empleo total)","Los trabajadores que aportan al hogar son aquellos que mantienen ""trabajos por cuenta propia"" como trabajadores independientes en un establecimiento orientado al mercado y atendido por un pariente que vive en el mismo hogar.","Organización Internacional del Trabajo, base de datos de Indicadores principales sobre el mercado laboral."
93,SL.FAM.WORK.MA.ZS,"Trabajadores familiares que contribuyen, varones (% del empleo masculino)","Los trabajadores que aportan al hogar son aquellos que mantienen ""trabajos por cuenta propia"" como trabajadores independientes en un establecimiento orientado al mercado y atendido por un pariente que vive en el mismo hogar.","Organización Internacional del Trabajo, base de datos de Indicadores principales sobre el mercado laboral."
94,SL.FAM.WORK.FE.ZS,"Trabajadores familiares que contribuyen, mujeres (% del empleo femenino)","Los trabajadores que aportan al hogar son aquellos que mantienen ""trabajos por cuenta propia"" como trabajadores independientes en un establecimiento orientado al mercado y atendido por un pariente que vive en el mismo hogar.","Organización Internacional del Trabajo, base de datos de Indicadores principales sobre el mercado laboral."
95,SL.FAM.0714.ZS,"Niños que trabajan, trabajadores familiares sin salario (% de niños y niñas que trabajan, de 7 a 14 años)",Unpaid family workers are people who work without pay in a market-oriented establishment operated by a related person living in the same household.,"Proyecto Understanding Children's Work, a partir de los datos de la OIT, Unicef y el Banco Mundial."
96,SL.FAM.0714.MA.ZS,"Niños que trabajan, trabajadores familiares sin salario, varones (% de niños que trabajan, de 7 a 14 años)",Unpaid family workers are people who work without pay in a market-oriented establishment operated by a related person living in the same household.,"Proyecto Understanding Children's Work, a partir de los datos de la OIT, Unicef y el Banco Mundial."
97,SL.FAM.0714.FE.ZS,"Niños que trabajan, trabajadores familiares sin salario, mujeres (% de niñas que trabajan, de 7 a 14 años)",Unpaid family workers are people who work without pay in a market-oriented establishment operated by a related person living in the same household.,"Proyecto Understanding Children's Work, a partir de los datos de la OIT, Unicef y el Banco Mundial."
98,SL.EMP.WORK.ZS,"Trabajadores asalariados (empleados), total (% del empleo total)","Trabajadores asalariados (empleados) son aquellos trabajadores que mantienen el tipo de empleo definido como ""trabajos remunerados"", donde los titulares mantienen contratos de empleo implícitos o explícitos (escritos u orales) que les garantizan una remuneración básica que no depende directamente de los ingresos de la unidad para la que trabajan.","Organización Internacional del Trabajo, base de datos de Indicadores principales sobre el mercado laboral."
99,SL.EMP.WORK.MA.ZS,"Trabajadores asalariados (empleados), varones (% del empleo masculino)","Trabajadores asalariados (empleados) son aquellos trabajadores que mantienen el tipo de empleo definido como ""trabajos remunerados"", donde los titulares mantienen contratos de empleo implícitos o explícitos (escritos u orales) que les garantizan una remuneración básica que no depende directamente de los ingresos de la unidad para la que trabajan.","Organización Internacional del Trabajo, base de datos de Indicadores principales sobre el mercado laboral."
100,SL.EMP.WORK.FE.ZS,"Trabajadores asalariados (empleados), mujeres (% del empleo femenino)","Trabajadores asalariados (empleados) son aquellos trabajadores que mantienen el tipo de empleo definido como ""trabajos remunerados"", donde los titulares mantienen contratos de empleo implícitos o explícitos (escritos u orales) que les garantizan una remuneración básica que no depende directamente de los ingresos de la unidad para la que trabajan.","Organización Internacional del Trabajo, base de datos de Indicadores principales sobre el mercado laboral."
101,SL.EMP.VULN.ZS,"Empleo vulnerable, total (% del total de empleo)",El empleo vulnerable se refiere a los trabajadores familiares no remunerados y a los trabajadores autónomos como porcentaje del empleo total.,"Organización Internacional del Trabajo, base de datos de Indicadores principales sobre el mercado laboral."
102,SL.EMP.VULN.MA.ZS,"Empleo vulnerable, varones (% del empleo masculino)",El empleo vulnerable se refiere a los trabajadores familiares no remunerados y a los trabajadores autónomos como porcentaje del empleo total.,"Organización Internacional del Trabajo, base de datos de Indicadores principales sobre el mercado laboral."
103,SL.EMP.VULN.FE.ZS,"Empleo vulnerable, mujeres (% del empleo femenino)",El empleo vulnerable se refiere a los trabajadores familiares no remunerados y a los trabajadores autónomos como porcentaje del empleo total.,"Organización Internacional del Trabajo, base de datos de Indicadores principales sobre el mercado laboral."
104,SL.EMP.TOTL.SP.ZS,"Relación entre empleo y población, mayores de 15 años, total (%) (estimación modelado OIT) ",La relación entre empleo y población es la proporción de la población empleada de un país. Edad 15 años o más se consideran en general la población en edad de trabajar.,"Organización Internacional del Trabajo, base de datos sobre estadísticas de la OIT (ILOSTAT)."
105,SL.EMP.TOTL.SP.NE.ZS,"Relación entre empleo y población, mayores de 15 años, total (%) (estimación nacional)","Employment to population ratio is the proportion of a country's population that is employed. Employment is defined as persons of working age who, during a short reference period, were engaged in any activity to produce goods or provide services for pay or profit, whether at work during the reference period (i.e. who worked in a job for at least one hour) or not at work due to temporary absence from a job, or to working-time arrangements. Ages 15 and older are generally considered the working-age population.","Organización Internacional del Trabajo, base de datos de los Indicadores Clave del Mercado de Trabajo."
106,SL.EMP.TOTL.SP.MA.ZS,"Relación entre empleo y población, mayores de 15 años, hombres (%) (estimación modelado OIT) ",La relación entre empleo y población es la proporción de la población empleada de un país. Edad 15 años o más se consideran en general la población en edad de trabajar.,"Organización Internacional del Trabajo, base de datos sobre estadísticas de la OIT (ILOSTAT)."
107,SL.EMP.TOTL.SP.MA.NE.ZS,"Relación entre empleo y población, mayores de 15 años, varones (%) (estimación nacional)","Employment to population ratio is the proportion of a country's population that is employed. Employment is defined as persons of working age who, during a short reference period, were engaged in any activity to produce goods or provide services for pay or profit, whether at work during the reference period (i.e. who worked in a job for at least one hour) or not at work due to temporary absence from a job, or to working-time arrangements. Ages 15 and older are generally considered the working-age population.","Organización Internacional del Trabajo, base de datos de los Indicadores Clave del Mercado de Trabajo."
108,SL.EMP.TOTL.SP.FE.ZS,"Relación entre empleo y población, mayores de 15 años, mujeres (%) (estimación modelado OIT) ",La relación entre empleo y población es la proporción de la población empleada de un país. Edad 15 años o más se consideran en general la población en edad de trabajar.,"Organización Internacional del Trabajo, base de datos sobre estadísticas de la OIT (ILOSTAT)."
109,SL.EMP.TOTL.SP.FE.NE.ZS,"Relación entre empleo y población, mayores de 15 años, mujeres (%) (estimación nacional)","Employment to population ratio is the proportion of a country's population that is employed. Employment is defined as persons of working age who, during a short reference period, were engaged in any activity to produce goods or provide services for pay or profit, whether at work during the reference period (i.e. who worked in a job for at least one hour) or not at work due to temporary absence from a job, or to working-time arrangements. Ages 15 and older are generally considered the working-age population.","Organización Internacional del Trabajo, base de datos de los Indicadores Clave del Mercado de Trabajo."
110,SL.EMP.SMGT.FE.ZS,Proporción de mujeres con empleo en puestos gerenciales de nivel superior e intermedio (%) ,"The proportion of females in total employment in senior and middle management. It corresponds to major group 1 in both ISCO-08 and ISCO-88 minus category 14 in ISCO-08 (hospitality, retail and other services managers) and minus category 13 in ISCO-88 (general managers), since these comprise mainly managers of small enterprises.","Organización Internacional del Trabajo, base de datos sobre estadísticas de la OIT (ILOSTAT)."
111,SL.EMP.SELF.ZS,"Independientes, total (% del empleo total)","Los trabajadores por cuenta propia son aquellos que, por su cuenta o con pocos socios o en cooperativa, mantienen el tipo de trabajo que se define como ""empleo por cuenta propia"" (es decir, empleos en los que la remuneración depende directamente de las utilidades que se obtienen de la producción de bienes y servicios). Se incluyen en este grupo tres subcategorías de trabajadores: empleadores, trabajadores por cuenta propia y miembros de cooperativas de productores.","Organización Internacional del Trabajo, base de datos de Indicadores principales sobre el mercado laboral."
112,SL.EMP.SELF.MA.ZS,"Independientes, varones (% del empleo masculino)","Los trabajadores por cuenta propia son aquellos que, por su cuenta o con pocos socios o en cooperativa, mantienen el tipo de trabajo que se define como ""empleo por cuenta propia"" (es decir, empleos en los que la remuneración depende directamente de las utilidades que se obtienen de la producción de bienes y servicios). Se incluyen en este grupo tres subcategorías de trabajadores: empleadores, trabajadores por cuenta propia y miembros de cooperativas de productores.","Organización Internacional del Trabajo, base de datos de Indicadores principales sobre el mercado laboral."
113,SL.EMP.SELF.FE.ZS,"Independientes, mujeres (% del empleo femenino)","Los trabajadores por cuenta propia son aquellos que, por su cuenta o con pocos socios o en cooperativa, mantienen el tipo de trabajo que se define como ""empleo por cuenta propia"" (es decir, empleos en los que la remuneración depende directamente de las utilidades que se obtienen de la producción de bienes y servicios). Se incluyen en este grupo tres subcategorías de trabajadores: empleadores, trabajadores por cuenta propia y miembros de cooperativas de productores.","Organización Internacional del Trabajo, base de datos de Indicadores principales sobre el mercado laboral."
114,SL.EMP.MPYR.ZS,"Empleadores, total (% del empleo total)","Empleadores se refiere a aquellos trabajadores que, por cuenta propia o con unos pocos asociados, mantienen el tipo de trabajo que se define como “empleo por cuenta propia”, es decir: trabajos en los que la remuneración depende directamente de las utilidades derivadas de los bienes y servicios producidos, y que, en esta capacidad, han comprometido a una o más personas para trabajar con ellos como empleado(s) de manera continua.","Indicadores clave del mercado de trabajo (KILM, por sus siglas en inglés) de la OIT."
115,SL.EMP.MPYR.MA.ZS,"Empleadores, varones (% del empleo masculino)","Empleadores se refiere a aquellos trabajadores que, por cuenta propia o con unos pocos asociados, mantienen el tipo de trabajo que se define como “empleo por cuenta propia”, es decir: trabajos en los que la remuneración depende directamente de las utilidades derivadas de los bienes y servicios producidos, y que, en esta capacidad, han comprometido a una o más personas para trabajar con ellos como empleado(s) de manera continua.","Indicadores clave del mercado de trabajo (KILM, por sus siglas en inglés) de la OIT."
116,SL.EMP.MPYR.FE.ZS,"Empleadores, mujeres (% del empleo femenino)","Empleadores se refiere a aquellos trabajadores que, por cuenta propia o con unos pocos asociados, mantienen el tipo de trabajo que se define como “empleo por cuenta propia”, es decir: trabajos en los que la remuneración depende directamente de las utilidades derivadas de los bienes y servicios producidos, y que, en esta capacidad, han comprometido a una o más personas para trabajar con ellos como empleado(s) de manera continua.","Indicadores clave del mercado de trabajo (KILM, por sus siglas en inglés) de la OIT."
117,SL.EMP.1524.SP.ZS,"Relación empleo y población, edades entre 15 y 24 años, total (%) (estimación modelado OIT) ",La relación entre empleo y población es la proporción de la población empleada de un país. Suele considerarse que la población joven es la que tiene entre 15 y 24 años de edad.,"Organización Internacional del Trabajo, base de datos sobre estadísticas de la OIT (ILOSTAT)."
118,SL.EMP.1524.SP.NE.ZS,"Relación entre empleo y población, entre 15 y 24 años, total (%) (estimación nacional)","Employment to population ratio is the proportion of a country's population that is employed. Employment is defined as persons of working age who, during a short reference period, were engaged in any activity to produce goods or provide services for pay or profit, whether at work during the reference period (i.e. who worked in a job for at least one hour) or not at work due to temporary absence from a job, or to working-time arrangements. Ages 15-24 are generally considered the youth population.","Organización Internacional del Trabajo, base de datos de los Indicadores Clave del Mercado de Trabajo."
119,SL.EMP.1524.SP.MA.ZS,"Relación empleo y población, edades entre 15 y 24 años, varones (%) (estimación modelado OIT) ",La relación entre empleo y población es la proporción de la población empleada de un país. Suele considerarse que la población joven es la que tiene entre 15 y 24 años de edad.,"Organización Internacional del Trabajo, base de datos sobre estadísticas de la OIT (ILOSTAT)."
120,SL.EMP.1524.SP.MA.NE.ZS,"Relación entre empleo y población, entre 15 y 24 años, varones (%) (estimación nacional)","Employment to population ratio is the proportion of a country's population that is employed. Employment is defined as persons of working age who, during a short reference period, were engaged in any activity to produce goods or provide services for pay or profit, whether at work during the reference period (i.e. who worked in a job for at least one hour) or not at work due to temporary absence from a job, or to working-time arrangements. Ages 15-24 are generally considered the youth population.","Organización Internacional del Trabajo, base de datos de los Indicadores Clave del Mercado de Trabajo."
121,SL.EMP.1524.SP.FE.ZS,"Relación entre empleo y población, edades entre 15 y 24 años, mujeres (%) (estimación modelado OIT) ",La relación entre empleo y población es la proporción de la población empleada de un país. Suele considerarse que la población joven es la que tiene entre 15 y 24 años de edad.,"Organización Internacional del Trabajo, base de datos sobre estadísticas de la OIT (ILOSTAT)."
122,SL.EMP.1524.SP.FE.NE.ZS,"Relación entre empleo y población, entre 15 y 24 años, mujeres (%) (estimación nacional)","Employment to population ratio is the proportion of a country's population that is employed. Employment is defined as persons of working age who, during a short reference period, were engaged in any activity to produce goods or provide services for pay or profit, whether at work during the reference period (i.e. who worked in a job for at least one hour) or not at work due to temporary absence from a job, or to working-time arrangements. Ages 15-24 are generally considered the youth population.","Organización Internacional del Trabajo, base de datos de los Indicadores Clave del Mercado de Trabajo."
123,SL.AGR.EMPL.ZS,Empleos en agricultura (% del total de empleos),"Employment is defined as persons of working age who were engaged in any activity to produce goods or provide services for pay or profit, whether at work during the reference period or not at work due to temporary absence from a job, or to working-time arrangement. The agriculture sector consists of activities in agriculture, hunting, forestry and fishing, in accordance with division 1 (ISIC 2) or categories A-B (ISIC 3) or category A (ISIC 4).","Organización Internacional del Trabajo, base de datos de los Indicadores Clave del Mercado de Trabajo."
124,SL.AGR.EMPL.MA.ZS,"Empleados en agricultura, hombres (% del empleo masculino)","Employment is defined as persons of working age who were engaged in any activity to produce goods or provide services for pay or profit, whether at work during the reference period or not at work due to temporary absence from a job, or to working-time arrangement. The agriculture sector consists of activities in agriculture, hunting, forestry and fishing, in accordance with division 1 (ISIC 2) or categories A-B (ISIC 3) or category A (ISIC 4).","Organización Internacional del Trabajo, base de datos de los Indicadores Clave del Mercado de Trabajo."
125,SL.AGR.EMPL.FE.ZS,"Empleados en agricultura, mujeres (% del empleo femenino)","Employment is defined as persons of working age who were engaged in any activity to produce goods or provide services for pay or profit, whether at work during the reference period or not at work due to temporary absence from a job, or to working-time arrangement. The agriculture sector consists of activities in agriculture, hunting, forestry and fishing, in accordance with division 1 (ISIC 2) or categories A-B (ISIC 3) or category A (ISIC 4).","Organización Internacional del Trabajo, base de datos de los Indicadores Clave del Mercado de Trabajo."
126,SL.AGR.0714.ZS,Empleo infantil en la agricultura (% para cada edad de niños entre 7 y 14 años),"El empleo por actividad económica se refiere a la distribución de niños económicamente activos entre las principales categorías industriales (CIIU, Revisión 2 o Revisión 3). La agricultura corresponde a la división 1 (CIIU, Revisión 2) o a las categorías A y B (CIIU, Revisión 3), e incluye la agricultura y la caza, la silvicultura y la extracción de madera, y la pesca. Los niños económicamente activos son los niños que participaron de actividades económicas durante al menos una hora en la semana de referencia del estudio.","Entendiendo el Trabajo Infantil, proyecto basado en datos de la OIT, el UNICEF y el Banco Mundial."
127,SL.AGR.0714.MA.ZS,"Empleo infantil en la agricultura, varones (% para cada edad de niños entre 7 y 14 años)","El empleo por actividad económica se refiere a la distribución de niños económicamente activos entre las principales categorías industriales (CIIU, Revisión 2 o Revisión 3). La agricultura corresponde a la división 1 (CIIU, Revisión 2) o a las categorías A y B (CIIU, Revisión 3), e incluye la agricultura y la caza, la silvicultura y la extracción de madera, y la pesca. Los niños económicamente activos son los niños que participaron de actividades económicas durante al menos una hora en la semana de referencia del estudio.","Entendiendo el Trabajo Infantil, proyecto basado en datos de la OIT, el UNICEF y el Banco Mundial."
128,SL.AGR.0714.FE.ZS,"Empleo infantil en la agricultura, mujeres (% para cada edad de niñas entre 7 y 14 años)","El empleo por actividad económica se refiere a la distribución de niños económicamente activos entre las principales categorías industriales (CIIU, Revisión 2 o Revisión 3). La agricultura corresponde a la división 1 (CIIU, Revisión 2) o a las categorías A y B (CIIU, Revisión 3), e incluye la agricultura y la caza, la silvicultura y la extracción de madera, y la pesca. Los niños económicamente activos son los niños que participaron de actividades económicas durante al menos una hora en la semana de referencia del estudio.","Entendiendo el Trabajo Infantil, proyecto basado en datos de la OIT, el UNICEF y el Banco Mundial."
129,per_si_allsi.cov_q5_tot,Cobertura de los programas de seguro social en el quintil más rico (% de la población),"Coverage of social insurance programs shows the percentage of population participating in programs that provide old age contributory pensions (including survivors and disability) and social security and health insurance benefits (including occupational injury benefits, paid sick leave, maternity and other social insurance). Estimates include both direct and indirect beneficiaries.","ASPIRE: El Atlas de Protección Social: Indicadores de Resiliencia y Equidad, Banco Mundial. Los datos proceden de encuestas de hogares nacionales representativas. (datatopics.worldbank.org/aspire/)"
130,per_si_allsi.cov_q4_tot,Cobertura de los programas de seguro social en el cuarto quintil (% de la población),"Coverage of social insurance programs shows the percentage of population participating in programs that provide old age contributory pensions (including survivors and disability) and social security and health insurance benefits (including occupational injury benefits, paid sick leave, maternity and other social insurance). Estimates include both direct and indirect beneficiaries.","ASPIRE: El Atlas de Protección Social: Indicadores de Resiliencia y Equidad, Banco Mundial. Los datos proceden de encuestas de hogares nacionales representativas. (datatopics.worldbank.org/aspire/)"
131,per_si_allsi.cov_q3_tot,Cobertura de los programas de seguro social en el tercer quintil (% de la población),"Coverage of social insurance programs shows the percentage of population participating in programs that provide old age contributory pensions (including survivors and disability) and social security and health insurance benefits (including occupational injury benefits, paid sick leave, maternity and other social insurance). Estimates include both direct and indirect beneficiaries.","ASPIRE: El Atlas de Protección Social: Indicadores de Resiliencia y Equidad, Banco Mundial. Los datos proceden de encuestas de hogares nacionales representativas. (datatopics.worldbank.org/aspire/)"
132,per_si_allsi.cov_q2_tot,Cobertura de los programas de seguro social en el segundo quintil (% de la población),"Coverage of social insurance programs shows the percentage of population participating in programs that provide old age contributory pensions (including survivors and disability) and social security and health insurance benefits (including occupational injury benefits, paid sick leave, maternity and other social insurance). Estimates include both direct and indirect beneficiaries.","ASPIRE: El Atlas de Protección Social: Indicadores de Resiliencia y Equidad, Banco Mundial. Los datos proceden de encuestas de hogares nacionales representativas. (datatopics.worldbank.org/aspire/)"
133,per_si_allsi.cov_q1_tot,Cobertura de los programas de seguro social en el quintil más pobre (% de la población),"Coverage of social insurance programs shows the percentage of population participating in programs that provide old age contributory pensions (including survivors and disability) and social security and health insurance benefits (including occupational injury benefits, paid sick leave, maternity and other social insurance). Estimates include both direct and indirect beneficiaries.","ASPIRE: El Atlas de Protección Social: Indicadores de Resiliencia y Equidad, Banco Mundial. Los datos proceden de encuestas de hogares nacionales representativas. (datatopics.worldbank.org/aspire/)"
134,per_si_allsi.cov_pop_tot,Cobertura de los programas de seguro social (% de la población),"Coverage of social insurance programs shows the percentage of population participating in programs that provide old age contributory pensions (including survivors and disability) and social security and health insurance benefits (including occupational injury benefits, paid sick leave, maternity and other social insurance). Estimates include both direct and indirect beneficiaries.","ASPIRE: El Atlas de Protección Social: Indicadores de Resiliencia y Equidad, Banco Mundial. Los datos proceden de encuestas de hogares nacionales representativas. (datatopics.worldbank.org/aspire/)"
135,per_si_allsi.ben_q1_tot,Incidencia de los beneficios de los programas de seguro social para el quintil más pobre (% del total de beneficios del seguro social),"Benefit incidence of social insurance programs to poorest quintile shows the percentage of total social insurance benefits received by the poorest 20% of the population. Social insurance programs include old age contributory pensions (including survivors and disability) and social security and health insurance benefits (including occupational injury benefits, paid sick leave, maternity and other social insurance). Estimates include both direct and indirect beneficiaries.","ASPIRE: El Atlas de Protección Social: Indicadores de Resiliencia y Equidad, Banco Mundial. Los datos proceden de encuestas de hogares nacionales representativas. (datatopics.worldbank.org/aspire/)"
136,per_si_allsi.adq_pop_tot,Idoneidad de los programas de seguro social (% del bienestar total de los hogares beneficiarios),"Adequacy of social insurance programs is measured by the total transfer amount received by the population participating in social insurance programs as a share of their total welfare. Welfare is defined as the total income or total expenditure of beneficiary households. Social insurance programs include old age contributory pensions (including survivors and disability) and social security and health insurance benefits (including occupational injury benefits, paid sick leave, maternity and other social insurance). Estimates include both direct and indirect beneficiaries.","ASPIRE: El Atlas de Protección Social: Indicadores de Resiliencia y Equidad, Banco Mundial. Los datos proceden de encuestas de hogares nacionales representativas. (datatopics.worldbank.org/aspire/)"
137,per_sa_allsa.cov_q5_tot,Cobertura de los programas de medidas de protección social en el quintil más rico (% de la población),"Coverage of social safety net programs shows the percentage of population participating in cash transfers and last resort programs, noncontributory social pensions, other cash transfers programs (child, family and orphan allowances, birth and death grants, disability benefits, and other allowances), conditional cash transfers, in-kind food transfers (food stamps and vouchers, food rations, supplementary feeding, and emergency food distribution), school feeding, other social assistance programs (housing allowances, scholarships, fee waivers, health subsidies, and other social assistance) and public works programs (cash for work and food for work). Estimates include both direct and indirect beneficiaries.","ASPIRE: El Atlas de Protección Social: Indicadores de Resiliencia y Equidad, Banco Mundial. Los datos proceden de encuestas de hogares nacionales representativas. (datatopics.worldbank.org/aspire/)"
138,per_sa_allsa.cov_q4_tot,Cobertura de los programas de medidas de protección social en el cuarto quintil (% de la población),"Coverage of social safety net programs shows the percentage of population participating in cash transfers and last resort programs, noncontributory social pensions, other cash transfers programs (child, family and orphan allowances, birth and death grants, disability benefits, and other allowances), conditional cash transfers, in-kind food transfers (food stamps and vouchers, food rations, supplementary feeding, and emergency food distribution), school feeding, other social assistance programs (housing allowances, scholarships, fee waivers, health subsidies, and other social assistance) and public works programs (cash for work and food for work). Estimates include both direct and indirect beneficiaries.","ASPIRE: El Atlas de Protección Social: Indicadores de Resiliencia y Equidad, Banco Mundial. Los datos proceden de encuestas de hogares nacionales representativas. (datatopics.worldbank.org/aspire/)"
139,per_sa_allsa.cov_q3_tot,Cobertura de los programas de medidas de protección social en el tercer quintil (% de la población),"Coverage of social safety net programs shows the percentage of population participating in cash transfers and last resort programs, noncontributory social pensions, other cash transfers programs (child, family and orphan allowances, birth and death grants, disability benefits, and other allowances), conditional cash transfers, in-kind food transfers (food stamps and vouchers, food rations, supplementary feeding, and emergency food distribution), school feeding, other social assistance programs (housing allowances, scholarships, fee waivers, health subsidies, and other social assistance) and public works programs (cash for work and food for work). Estimates include both direct and indirect beneficiaries.","ASPIRE: El Atlas de Protección Social: Indicadores de Resiliencia y Equidad, Banco Mundial. Los datos proceden de encuestas de hogares nacionales representativas. (datatopics.worldbank.org/aspire/)"
140,per_sa_allsa.cov_q2_tot,Cobertura de los programas de medidas de protección social en el segundo quintil (% de la población),"Coverage of social safety net programs shows the percentage of population participating in cash transfers and last resort programs, noncontributory social pensions, other cash transfers programs (child, family and orphan allowances, birth and death grants, disability benefits, and other allowances), conditional cash transfers, in-kind food transfers (food stamps and vouchers, food rations, supplementary feeding, and emergency food distribution), school feeding, other social assistance programs (housing allowances, scholarships, fee waivers, health subsidies, and other social assistance) and public works programs (cash for work and food for work). Estimates include both direct and indirect beneficiaries.","ASPIRE: El Atlas de Protección Social: Indicadores de Resiliencia y Equidad, Banco Mundial. Los datos proceden de encuestas de hogares nacionales representativas. (datatopics.worldbank.org/aspire/)"
141,per_sa_allsa.cov_q1_tot,Cobertura de los programas de medidas de protección social en el quintil más pobre (% de la población),"Coverage of social safety net programs shows the percentage of population participating in cash transfers and last resort programs, noncontributory social pensions, other cash transfers programs (child, family and orphan allowances, birth and death grants, disability benefits, and other allowances), conditional cash transfers, in-kind food transfers (food stamps and vouchers, food rations, supplementary feeding, and emergency food distribution), school feeding, other social assistance programs (housing allowances, scholarships, fee waivers, health subsidies, and other social assistance) and public works programs (cash for work and food for work). Estimates include both direct and indirect beneficiaries.","ASPIRE: El Atlas de Protección Social: Indicadores de Resiliencia y Equidad, Banco Mundial. Los datos proceden de encuestas de hogares nacionales representativas. (datatopics.worldbank.org/aspire/)"
142,per_sa_allsa.cov_pop_tot,Cobertura de los programas de medidas de protección social (% de la población),"Coverage of social safety net programs shows the percentage of population participating in cash transfers and last resort programs, noncontributory social pensions, other cash transfers programs (child, family and orphan allowances, birth and death grants, disability benefits, and other allowances), conditional cash transfers, in-kind food transfers (food stamps and vouchers, food rations, supplementary feeding, and emergency food distribution), school feeding, other social assistance programs (housing allowances, scholarships, fee waivers, health subsidies, and other social assistance) and public works programs (cash for work and food for work). Estimates include both direct and indirect beneficiaries.","ASPIRE: El Atlas de Protección Social: Indicadores de Resiliencia y Equidad, Banco Mundial. Los datos proceden de encuestas de hogares nacionales representativas. (datatopics.worldbank.org/aspire/)"
143,per_sa_allsa.ben_q1_tot,Incidencia de los beneficios de los programas de medidas de protección social para el quintil más pobre (% del total de beneficios de las medidas de protección),"Benefit incidence of social safety net programs to poorest quintile shows the percentage of total social safety net benefits received by the poorest 20% of the population. Social safety net programs include cash transfers and last resort programs, noncontributory social pensions, other cash transfers programs (child, family and orphan allowances, birth and death grants, disability benefits, and other allowances), conditional cash transfers, in-kind food transfers (food stamps and vouchers, food rations, supplementary feeding, and emergency food distribution), school feeding, other social assistance programs (housing allowances, scholarships, fee waivers, health subsidies, and other social assistance) and public works programs (cash for work and food for work). Estimates include both direct and indirect beneficiaries.","ASPIRE: El Atlas de Protección Social: Indicadores de Resiliencia y Equidad, Banco Mundial. Los datos proceden de encuestas de hogares nacionales representativas. (datatopics.worldbank.org/aspire/)"
144,per_sa_allsa.adq_pop_tot,Idoneidad de los programas de medidas de protección social (% del bienestar total de los hogares beneficiarios),"Adequacy of social safety net programs is measured by the total transfer amount received by the population participating in social safety net programs as a share of their total welfare. Welfare is defined as the total income or total expenditure of beneficiary households. Social safety net programs include cash transfers and last resort programs, noncontributory social pensions, other cash transfers programs (child, family and orphan allowances, birth and death grants, disability benefits, and other allowances), conditional cash transfers, in-kind food transfers (food stamps and vouchers, food rations, supplementary feeding, and emergency food distribution), school feeding, other social assistance programs (housing allowances, scholarships, fee waivers, health subsidies, and other social assistance) and public works programs (cash for work and food for work). Estimates include both direct and indirect beneficiaries.","ASPIRE: El Atlas de Protección Social: Indicadores de Resiliencia y Equidad, Banco Mundial. Los datos proceden de encuestas de hogares nacionales representativas. (datatopics.worldbank.org/aspire/)"
145,per_lm_alllm.cov_q5_tot,Cobertura de los beneficios por desempleo y los ALMP en el quintil más rico (% de la población),"Coverage of unemployment benefits and active labor market programs (ALMP) shows the percentage of population participating in unemployment compensation, severance pay, and early retirement due to labor market reasons, labor market services (intermediation), training (vocational, life skills, and cash for training), job rotation and job sharing, employment incentives and wage subsidies, supported employment and rehabilitation, and employment measures for the disabled. Estimates include both direct and indirect beneficiaries.","ASPIRE: El Atlas de Protección Social: Indicadores de Resiliencia y Equidad, Banco Mundial. Los datos proceden de encuestas de hogares nacionales representativas. (datatopics.worldbank.org/aspire/)"
146,per_lm_alllm.cov_q4_tot,Cobertura de los beneficios por desempleo y los ALMP en el cuarto quintil (% de la población),"Coverage of unemployment benefits and active labor market programs (ALMP) shows the percentage of population participating in unemployment compensation, severance pay, and early retirement due to labor market reasons, labor market services (intermediation), training (vocational, life skills, and cash for training), job rotation and job sharing, employment incentives and wage subsidies, supported employment and rehabilitation, and employment measures for the disabled. Estimates include both direct and indirect beneficiaries.","ASPIRE: El Atlas de Protección Social: Indicadores de Resiliencia y Equidad, Banco Mundial. Los datos proceden de encuestas de hogares nacionales representativas. (datatopics.worldbank.org/aspire/)"
147,per_lm_alllm.cov_q3_tot,Cobertura de los beneficios por desempleo y los ALMP en el tercer quintil (% de la población),"Coverage of unemployment benefits and active labor market programs (ALMP) shows the percentage of population participating in unemployment compensation, severance pay, and early retirement due to labor market reasons, labor market services (intermediation), training (vocational, life skills, and cash for training), job rotation and job sharing, employment incentives and wage subsidies, supported employment and rehabilitation, and employment measures for the disabled. Estimates include both direct and indirect beneficiaries.","ASPIRE: El Atlas de Protección Social: Indicadores de Resiliencia y Equidad, Banco Mundial. Los datos proceden de encuestas de hogares nacionales representativas. (datatopics.worldbank.org/aspire/)"
148,per_lm_alllm.cov_q2_tot,Cobertura de los beneficios por desempleo y los ALMP en el segundo quintil (% de la población),"Coverage of unemployment benefits and active labor market programs (ALMP) shows the percentage of population participating in unemployment compensation, severance pay, and early retirement due to labor market reasons, labor market services (intermediation), training (vocational, life skills, and cash for training), job rotation and job sharing, employment incentives and wage subsidies, supported employment and rehabilitation, and employment measures for the disabled. Estimates include both direct and indirect beneficiaries.","ASPIRE: El Atlas de Protección Social: Indicadores de Resiliencia y Equidad, Banco Mundial. Los datos proceden de encuestas de hogares nacionales representativas. (datatopics.worldbank.org/aspire/)"
149,per_lm_alllm.cov_q1_tot,Cobertura de los beneficios por desempleo y los ALMP en el quintil más pobre (% de la población),"Coverage of unemployment benefits and active labor market programs (ALMP) shows the percentage of population participating in unemployment compensation, severance pay, and early retirement due to labor market reasons, labor market services (intermediation), training (vocational, life skills, and cash for training), job rotation and job sharing, employment incentives and wage subsidies, supported employment and rehabilitation, and employment measures for the disabled. Estimates include both direct and indirect beneficiaries.","ASPIRE: El Atlas de Protección Social: Indicadores de Resiliencia y Equidad, Banco Mundial. Los datos proceden de encuestas de hogares nacionales representativas. (datatopics.worldbank.org/aspire/)"
150,per_lm_alllm.cov_pop_tot,Cobertura de los beneficios por desempleo y los ALMP (% de la población),"Coverage of unemployment benefits and active labor market programs (ALMP) shows the percentage of population participating in unemployment compensation, severance pay, and early retirement due to labor market reasons, labor market services (intermediation), training (vocational, life skills, and cash for training), job rotation and job sharing, employment incentives and wage subsidies, supported employment and rehabilitation, and employment measures for the disabled. Estimates include both direct and indirect beneficiaries.","ASPIRE: El Atlas de Protección Social: Indicadores de Resiliencia y Equidad, Banco Mundial. Los datos proceden de encuestas de hogares nacionales representativas. (datatopics.worldbank.org/aspire/)"
151,per_lm_alllm.ben_q1_tot,Incidencia de los beneficios de los programas activos del mercado laboral (ALMP) y los beneficios por desempleo para el quintil más pobre (% del total de beneficios de los ALMP/D),"Benefit incidence of unemployment benefits and active labor market programs (ALMP) to poorest quintile shows the percentage of total unemployment and active labor market programs benefits received by the poorest 20% of the population. Unemployment benefits and active labor market programs include unemployment compensation, severance pay, and early retirement due to labor market reasons, labor market services (intermediation), training (vocational, life skills, and cash for training), job rotation and job sharing, employment incentives and wage subsidies, supported employment and rehabilitation, and employment measures for the disabled. Estimates include both direct and indirect beneficiaries.","ASPIRE: El Atlas de Protección Social: Indicadores de Resiliencia y Equidad, Banco Mundial. Los datos proceden de encuestas de hogares nacionales representativas. (datatopics.worldbank.org/aspire/)"
152,per_lm_alllm.adq_pop_tot,Idoneidad de los beneficios por desempleo y programas activos del mercado laboral (ALMP) (% del bienestar total de los hogares beneficiarios),"Adequacy of unemployment benefits and active labor market programs (ALMP) is measured by the total transfer amount received by the population participating in unemployment benefits and active labor market programs as a share of their total welfare. Welfare is defined as the total income or total expenditure of beneficiary households. Unemployment benefits and active labor market programs include unemployment compensation, severance pay, and early retirement due to labor market reasons, labor market services (intermediation), training (vocational, life skills, and cash for training), job rotation and job sharing, employment incentives and wage subsidies, supported employment and rehabilitation, and employment measures for the disabled. Estimates include both direct and indirect beneficiaries.","ASPIRE: El Atlas de Protección Social: Indicadores de Resiliencia y Equidad, Banco Mundial. Los datos proceden de encuestas de hogares nacionales representativas. (datatopics.worldbank.org/aspire/)"
153,per_allsp.cov_pop_tot,Cobertura de los programas de trabajo y protección social (% de la población),"Coverage of social protection and labor programs (SPL) shows the percentage of population participating in social insurance, social safety net, and unemployment benefits and active labor market programs. Estimates include both direct and indirect beneficiaries.","ASPIRE: El Atlas de Protección Social: Indicadores de Resiliencia y Equidad, Banco Mundial. Los datos proceden de encuestas de hogares nacionales representativas. (datatopics.worldbank.org/aspire/)"
154,per_allsp.ben_q1_tot,Incidencia de los beneficios de los programas de trabajo y protección social (SPL) para el quintil más pobre (% del total de beneficios de los SPL),"Benefit incidence of social protection and labor programs (SPL) to poorest quintile shows the percentage of total social protection and labor programs benefits received by the poorest 20% of the population. Social protection and labor programs include social insurance, social safety nets, and unemployment benefits and active labor market programs. Estimates include both direct and indirect beneficiaries.","ASPIRE: El Atlas de Protección Social: Indicadores de Resiliencia y Equidad, Banco Mundial. Los datos proceden de encuestas de hogares nacionales representativas. (datatopics.worldbank.org/aspire/)"
155,per_allsp.adq_pop_tot,Idoneidad de los programas de trabajo y protección social (% del bienestar total de los hogares beneficiarios),"Adequacy of social protection and labor programs (SPL) is measured by the total transfer amount received by the population participating in social insurance, social safety net, and unemployment benefits and active labor market programs as a share of their total welfare. Welfare is defined as the total income or total expenditure of beneficiary households. Estimates include both direct and indirect beneficiaries.","ASPIRE: El Atlas de Protección Social: Indicadores de Resiliencia y Equidad, Banco Mundial. Los datos proceden de encuestas de hogares nacionales representativas. (datatopics.worldbank.org/aspire/)"
